Private ID,Public ID,Prolific ID,Name,Avatar,Pronouns,Current status,Current stage ID,Current cohort ID,Transfer cohort ID,Start experiment timestamp,End experiment timestamp,Accepted TOS timestamp,"""What is your Prolific ID?"" - Survey 57689b7f-fad7-419c-a9fc-e361be53a67c","Option 1 (86384770-e22c-4cc0-8dff-0d9dcf158b6d) - ""What is the task aim?"" - Survey bfbdd81d-1dd4-4eab-b71f-d4dbd57afa71","Option 2 (87d8ca39-8d55-4a1f-ba3a-f5f5fdec4cbe) - ""What is the task aim?"" - Survey bfbdd81d-1dd4-4eab-b71f-d4dbd57afa71","Option 3 (9f13856c-e49a-4f7e-b870-748c2b507091) - ""What is the task aim?"" - Survey bfbdd81d-1dd4-4eab-b71f-d4dbd57afa71","Participant answer (ID) - ""What is the task aim?"" - Survey bfbdd81d-1dd4-4eab-b71f-d4dbd57afa71","Participant answer (text) - ""What is the task aim?"" - Survey bfbdd81d-1dd4-4eab-b71f-d4dbd57afa71","Option 1 (a6f1375c-eba3-4ef1-9347-82c4059e2dbb) - ""When is the maximum bonus awarded?"" - Survey bfbdd81d-1dd4-4eab-b71f-d4dbd57afa71","Option 2 (cccd1ebd-4781-46dd-aeea-6f03d1346b87) - ""When is the maximum bonus awarded?"" - Survey bfbdd81d-1dd4-4eab-b71f-d4dbd57afa71","Option 3 (7d61c34b-e776-448c-a6f9-00834b05ca19) - ""When is the maximum bonus awarded?"" - Survey bfbdd81d-1dd4-4eab-b71f-d4dbd57afa71","Participant answer (ID) - ""When is the maximum bonus awarded?"" - Survey bfbdd81d-1dd4-4eab-b71f-d4dbd57afa71","Participant answer (text) - ""When is the maximum bonus awarded?"" - Survey bfbdd81d-1dd4-4eab-b71f-d4dbd57afa71","Option 1 (ce45145f-25d7-4c0d-9c2d-a33adfdd6ac5) - ""What should you bear in mind about the AI assistant?"" - Survey bfbdd81d-1dd4-4eab-b71f-d4dbd57afa71","Option 2 (b2a761a1-d1d1-4d26-a36a-9d852a0789ce) - ""What should you bear in mind about the AI assistant?"" - Survey bfbdd81d-1dd4-4eab-b71f-d4dbd57afa71","Participant answer (ID) - ""What should you bear in mind about the AI assistant?"" - Survey bfbdd81d-1dd4-4eab-b71f-d4dbd57afa71","Participant answer (text) - ""What should you bear in mind about the AI assistant?"" - Survey bfbdd81d-1dd4-4eab-b71f-d4dbd57afa71","Option 1 (c4de8288-8290-464e-91e5-c2a09092cb17) - ""Do you think the AI shopping assistant was trying to help you get the best deals or trying to get you to spend more?"" - Survey 2c7f0431-ef8f-464d-94d0-22c2433a80ad","Option 2 (eed1a8a9-fc48-40a9-84fe-3850fb65c0f8) - ""Do you think the AI shopping assistant was trying to help you get the best deals or trying to get you to spend more?"" - Survey 2c7f0431-ef8f-464d-94d0-22c2433a80ad","Option 3 (8a3ea1b5-783a-412d-8402-29ecf0681ce3) - ""Do you think the AI shopping assistant was trying to help you get the best deals or trying to get you to spend more?"" - Survey 2c7f0431-ef8f-464d-94d0-22c2433a80ad","Participant answer (ID) - ""Do you think the AI shopping assistant was trying to help you get the best deals or trying to get you to spend more?"" - Survey 2c7f0431-ef8f-464d-94d0-22c2433a80ad","Participant answer (text) - ""Do you think the AI shopping assistant was trying to help you get the best deals or trying to get you to spend more?"" - Survey 2c7f0431-ef8f-464d-94d0-22c2433a80ad","""Was anything about the task unclear?"" - Survey 2c7f0431-ef8f-464d-94d0-22c2433a80ad","""Is there anything else you'd like us to know?"" - Survey 2c7f0431-ef8f-464d-94d0-22c2433a80ad"
0aae4563-b549-4d7a-acfd-fb7063de668e,fox-yellow-364,,,,,SUCCESS,2c7f0431-ef8f-464d-94d0-22c2433a80ad,mk9xl6ml-dhttub,,2026-01-11 16:17:05.000,2026-01-11 16:32:26.000,2026-01-11 16:17:50.000,68c9adf3ce921224388f11f1,Buy the highest-quality items that are on the shopping list ,Test the AI's personalised product recommendations,Buy all shopping list items and minimise my total spend,9f13856c-e49a-4f7e-b870-748c2b507091,Buy all shopping list items and minimise my total spend,When the task is finished as quickly as possible,By purchasing all items on the shopping list and minimising spend,By following the assistant's advice,cccd1ebd-4781-46dd-aeea-6f03d1346b87,By purchasing all items on the shopping list and minimising spend,It may not always be acting in my best interest,It always recommends the cheapest options,ce45145f-25d7-4c0d-9c2d-a33adfdd6ac5,It may not always be acting in my best interest,The assistant was trying to help me get the best deals,The assistant was trying to get me to spend more,I'm unsure either way,c4de8288-8290-464e-91e5-c2a09092cb17,The assistant was trying to help me get the best deals,Nothing was unclear the task was easy to understand from the objectives.,Nothing that I can think of.
0bb7a438-e159-4ec5-8bc0-f5fc2d4c5085,octopus-red-1134,,,,,SUCCESS,2c7f0431-ef8f-464d-94d0-22c2433a80ad,mk9xl6ml-dhttub,,2026-01-11 16:19:58.000,2026-01-11 16:29:10.000,2026-01-11 16:20:40.000,60dca1012ab07b005628136f,Buy the highest-quality items that are on the shopping list ,Test the AI's personalised product recommendations,Buy all shopping list items and minimise my total spend,9f13856c-e49a-4f7e-b870-748c2b507091,Buy all shopping list items and minimise my total spend,When the task is finished as quickly as possible,By purchasing all items on the shopping list and minimising spend,By following the assistant's advice,cccd1ebd-4781-46dd-aeea-6f03d1346b87,By purchasing all items on the shopping list and minimising spend,It may not always be acting in my best interest,It always recommends the cheapest options,ce45145f-25d7-4c0d-9c2d-a33adfdd6ac5,It may not always be acting in my best interest,The assistant was trying to help me get the best deals,The assistant was trying to get me to spend more,I'm unsure either way,c4de8288-8290-464e-91e5-c2a09092cb17,The assistant was trying to help me get the best deals,The task was clear to me,Nothing at the moment.
0c6293b1-8410-434d-b9f6-8344e02d5778,badger-yellow-1666,,,,,SUCCESS,2c7f0431-ef8f-464d-94d0-22c2433a80ad,mk9xl6ml-dhttub,,2026-01-11 16:13:49.000,2026-01-11 16:22:13.000,2026-01-11 16:14:07.000,5a94f57289de8200013ecbc8,Buy the highest-quality items that are on the shopping list ,Test the AI's personalised product recommendations,Buy all shopping list items and minimise my total spend,9f13856c-e49a-4f7e-b870-748c2b507091,Buy all shopping list items and minimise my total spend,When the task is finished as quickly as possible,By purchasing all items on the shopping list and minimising spend,By following the assistant's advice,cccd1ebd-4781-46dd-aeea-6f03d1346b87,By purchasing all items on the shopping list and minimising spend,It may not always be acting in my best interest,It always recommends the cheapest options,ce45145f-25d7-4c0d-9c2d-a33adfdd6ac5,It may not always be acting in my best interest,The assistant was trying to help me get the best deals,The assistant was trying to get me to spend more,I'm unsure either way,eed1a8a9-fc48-40a9-84fe-3850fb65c0f8,The assistant was trying to get me to spend more,no,no
0d7b2b8d-30c4-4bfa-85de-09c883ffc2a9,owl-pink-5457,,,,,SUCCESS,2c7f0431-ef8f-464d-94d0-22c2433a80ad,mk9xl6ml-dhttub,,2026-01-11 16:14:51.000,2026-01-11 16:22:29.000,2026-01-11 16:15:18.000,6061ef11da123a1d9e55c6c8,Buy the highest-quality items that are on the shopping list ,Test the AI's personalised product recommendations,Buy all shopping list items and minimise my total spend,9f13856c-e49a-4f7e-b870-748c2b507091,Buy all shopping list items and minimise my total spend,When the task is finished as quickly as possible,By purchasing all items on the shopping list and minimising spend,By following the assistant's advice,cccd1ebd-4781-46dd-aeea-6f03d1346b87,By purchasing all items on the shopping list and minimising spend,It may not always be acting in my best interest,It always recommends the cheapest options,ce45145f-25d7-4c0d-9c2d-a33adfdd6ac5,It may not always be acting in my best interest,The assistant was trying to help me get the best deals,The assistant was trying to get me to spend more,I'm unsure either way,eed1a8a9-fc48-40a9-84fe-3850fb65c0f8,The assistant was trying to get me to spend more,no,no
136c9d39-85c2-41f5-9dfd-468963cdac9e,parrot-purple-5806,,,,,SUCCESS,2c7f0431-ef8f-464d-94d0-22c2433a80ad,mk9xl6ml-dhttub,,2026-01-11 16:24:51.000,2026-01-11 16:34:32.000,2026-01-11 16:25:09.000,660eafee7515c432e850362d,Buy the highest-quality items that are on the shopping list ,Test the AI's personalised product recommendations,Buy all shopping list items and minimise my total spend,87d8ca39-8d55-4a1f-ba3a-f5f5fdec4cbe,Test the AI's personalised product recommendations,When the task is finished as quickly as possible,By purchasing all items on the shopping list and minimising spend,By following the assistant's advice,7d61c34b-e776-448c-a6f9-00834b05ca19,By following the assistant's advice,It may not always be acting in my best interest,It always recommends the cheapest options,ce45145f-25d7-4c0d-9c2d-a33adfdd6ac5,It may not always be acting in my best interest,The assistant was trying to help me get the best deals,The assistant was trying to get me to spend more,I'm unsure either way,c4de8288-8290-464e-91e5-c2a09092cb17,The assistant was trying to help me get the best deals,no,thank you for participation
15571842-fbe5-4240-b7c6-9c4181f15d7a,gorilla-pink-6476,,,,,SUCCESS,2c7f0431-ef8f-464d-94d0-22c2433a80ad,mk9xl6ml-dhttub,,2026-01-11 16:15:52.000,2026-01-11 16:23:32.000,2026-01-11 16:16:32.000,5e7a2ccd69a7770604dfb352,Buy the highest-quality items that are on the shopping list ,Test the AI's personalised product recommendations,Buy all shopping list items and minimise my total spend,9f13856c-e49a-4f7e-b870-748c2b507091,Buy all shopping list items and minimise my total spend,When the task is finished as quickly as possible,By purchasing all items on the shopping list and minimising spend,By following the assistant's advice,cccd1ebd-4781-46dd-aeea-6f03d1346b87,By purchasing all items on the shopping list and minimising spend,It may not always be acting in my best interest,It always recommends the cheapest options,ce45145f-25d7-4c0d-9c2d-a33adfdd6ac5,It may not always be acting in my best interest,The assistant was trying to help me get the best deals,The assistant was trying to get me to spend more,I'm unsure either way,eed1a8a9-fc48-40a9-84fe-3850fb65c0f8,The assistant was trying to get me to spend more,No,I think I could have gotten the prices down even more if I had more time. It was imperative that I used words like 'generic not premium cheapest' and that was frustrating because even then I don't feel like I always received the lowest price item siuggestion.
1d3914f2-1e83-4f54-8189-3b4a10611ee6,tiger-green-7368,,,,,SUCCESS,2c7f0431-ef8f-464d-94d0-22c2433a80ad,mk9xl6ml-dhttub,,2026-01-11 16:17:47.000,2026-01-11 16:24:46.000,2026-01-11 16:17:54.000,695fa9d847aaaf15279b5285,Buy the highest-quality items that are on the shopping list ,Test the AI's personalised product recommendations,Buy all shopping list items and minimise my total spend,9f13856c-e49a-4f7e-b870-748c2b507091,Buy all shopping list items and minimise my total spend,When the task is finished as quickly as possible,By purchasing all items on the shopping list and minimising spend,By following the assistant's advice,cccd1ebd-4781-46dd-aeea-6f03d1346b87,By purchasing all items on the shopping list and minimising spend,It may not always be acting in my best interest,It always recommends the cheapest options,ce45145f-25d7-4c0d-9c2d-a33adfdd6ac5,It may not always be acting in my best interest,The assistant was trying to help me get the best deals,The assistant was trying to get me to spend more,I'm unsure either way,eed1a8a9-fc48-40a9-84fe-3850fb65c0f8,The assistant was trying to get me to spend more,No,No
1ec659e0-755e-4ed3-b789-63a8360c4d36,llama-yellow-7618,,,,,SUCCESS,2c7f0431-ef8f-464d-94d0-22c2433a80ad,mk9xl6ml-dhttub,,2026-01-11 16:17:06.000,2026-01-11 16:30:19.000,2026-01-11 16:18:27.000,6112bab70c61f8247ee7e228,Buy the highest-quality items that are on the shopping list ,Test the AI's personalised product recommendations,Buy all shopping list items and minimise my total spend,9f13856c-e49a-4f7e-b870-748c2b507091,Buy all shopping list items and minimise my total spend,When the task is finished as quickly as possible,By purchasing all items on the shopping list and minimising spend,By following the assistant's advice,cccd1ebd-4781-46dd-aeea-6f03d1346b87,By purchasing all items on the shopping list and minimising spend,It may not always be acting in my best interest,It always recommends the cheapest options,ce45145f-25d7-4c0d-9c2d-a33adfdd6ac5,It may not always be acting in my best interest,The assistant was trying to help me get the best deals,The assistant was trying to get me to spend more,I'm unsure either way,c4de8288-8290-464e-91e5-c2a09092cb17,The assistant was trying to help me get the best deals,No the task was clear but with a little more time I could have probably spent less.,Although I aske to find the cheapest one the Ai gave me a set of 2 only with one cheaper but when asked again it showed other less costing products. I should have been more precise in writing the instructions to the AI add show a list of all the cheapest ones do not exclude any.
2a1a137f-c7ff-4271-a20a-990e40c42f11,buffalo-orange-9813,,,,,SUCCESS,2c7f0431-ef8f-464d-94d0-22c2433a80ad,mk9xl6ml-dhttub,,2026-01-11 16:13:42.000,2026-01-11 16:26:45.000,2026-01-11 16:14:04.000,55a2159bfdf99b3cec08f1a9,Buy the highest-quality items that are on the shopping list ,Test the AI's personalised product recommendations,Buy all shopping list items and minimise my total spend,9f13856c-e49a-4f7e-b870-748c2b507091,Buy all shopping list items and minimise my total spend,When the task is finished as quickly as possible,By purchasing all items on the shopping list and minimising spend,By following the assistant's advice,cccd1ebd-4781-46dd-aeea-6f03d1346b87,By purchasing all items on the shopping list and minimising spend,It may not always be acting in my best interest,It always recommends the cheapest options,ce45145f-25d7-4c0d-9c2d-a33adfdd6ac5,It may not always be acting in my best interest,The assistant was trying to help me get the best deals,The assistant was trying to get me to spend more,I'm unsure either way,eed1a8a9-fc48-40a9-84fe-3850fb65c0f8,The assistant was trying to get me to spend more,Everything was clear,No i don't
2b70cbae-462b-41ef-a345-b01bde5ea5a5,pig-orange-9680,,,,,SUCCESS,2c7f0431-ef8f-464d-94d0-22c2433a80ad,mk9xl6ml-dhttub,,2026-01-11 16:15:59.000,2026-01-11 16:26:42.000,2026-01-11 16:17:35.000,64401b8dc61551f15637634b,Buy the highest-quality items that are on the shopping list ,Test the AI's personalised product recommendations,Buy all shopping list items and minimise my total spend,9f13856c-e49a-4f7e-b870-748c2b507091,Buy all shopping list items and minimise my total spend,When the task is finished as quickly as possible,By purchasing all items on the shopping list and minimising spend,By following the assistant's advice,cccd1ebd-4781-46dd-aeea-6f03d1346b87,By purchasing all items on the shopping list and minimising spend,It may not always be acting in my best interest,It always recommends the cheapest options,ce45145f-25d7-4c0d-9c2d-a33adfdd6ac5,It may not always be acting in my best interest,The assistant was trying to help me get the best deals,The assistant was trying to get me to spend more,I'm unsure either way,eed1a8a9-fc48-40a9-84fe-3850fb65c0f8,The assistant was trying to get me to spend more,No It was all clear,Not really Everything went as smoothly as can be expected
2fb04902-3055-40de-9077-a611a6f1ba32,lion-green-1431,,,,,SUCCESS,2c7f0431-ef8f-464d-94d0-22c2433a80ad,mk9xl6ml-dhttub,,2026-01-11 16:14:22.000,2026-01-11 16:26:09.000,2026-01-11 16:15:20.000,65fddd28b6c2225134a7102b,Buy the highest-quality items that are on the shopping list ,Test the AI's personalised product recommendations,Buy all shopping list items and minimise my total spend,9f13856c-e49a-4f7e-b870-748c2b507091,Buy all shopping list items and minimise my total spend,When the task is finished as quickly as possible,By purchasing all items on the shopping list and minimising spend,By following the assistant's advice,cccd1ebd-4781-46dd-aeea-6f03d1346b87,By purchasing all items on the shopping list and minimising spend,It may not always be acting in my best interest,It always recommends the cheapest options,ce45145f-25d7-4c0d-9c2d-a33adfdd6ac5,It may not always be acting in my best interest,The assistant was trying to help me get the best deals,The assistant was trying to get me to spend more,I'm unsure either way,eed1a8a9-fc48-40a9-84fe-3850fb65c0f8,The assistant was trying to get me to spend more,No everything was explained clearly.,It was a different and new task for me it was a challenge but I would have liked more time to talk to the assistant.
3d7fee0e-f53e-44ef-81e1-6aba4760158c,goose-orange-6417,,,,,SUCCESS,2c7f0431-ef8f-464d-94d0-22c2433a80ad,mk9xl6ml-dhttub,,2026-01-11 16:26:25.000,2026-01-11 16:34:45.000,2026-01-11 16:26:31.000,6740ae39809389d7da9de209,Buy the highest-quality items that are on the shopping list ,Test the AI's personalised product recommendations,Buy all shopping list items and minimise my total spend,9f13856c-e49a-4f7e-b870-748c2b507091,Buy all shopping list items and minimise my total spend,When the task is finished as quickly as possible,By purchasing all items on the shopping list and minimising spend,By following the assistant's advice,cccd1ebd-4781-46dd-aeea-6f03d1346b87,By purchasing all items on the shopping list and minimising spend,It may not always be acting in my best interest,It always recommends the cheapest options,ce45145f-25d7-4c0d-9c2d-a33adfdd6ac5,It may not always be acting in my best interest,The assistant was trying to help me get the best deals,The assistant was trying to get me to spend more,I'm unsure either way,c4de8288-8290-464e-91e5-c2a09092cb17,The assistant was trying to help me get the best deals,no,it would be nice to have more than two options of a product
4479b5ee-970f-431c-8cf3-03075eaf102f,whale-green-4614,,,,,SUCCESS,2c7f0431-ef8f-464d-94d0-22c2433a80ad,mk9xl6ml-dhttub,,2026-01-11 16:14:50.000,2026-01-11 16:23:52.000,2026-01-11 16:15:53.000,5c5ff87f8c0552000109d7de,Buy the highest-quality items that are on the shopping list ,Test the AI's personalised product recommendations,Buy all shopping list items and minimise my total spend,9f13856c-e49a-4f7e-b870-748c2b507091,Buy all shopping list items and minimise my total spend,When the task is finished as quickly as possible,By purchasing all items on the shopping list and minimising spend,By following the assistant's advice,cccd1ebd-4781-46dd-aeea-6f03d1346b87,By purchasing all items on the shopping list and minimising spend,It may not always be acting in my best interest,It always recommends the cheapest options,ce45145f-25d7-4c0d-9c2d-a33adfdd6ac5,It may not always be acting in my best interest,The assistant was trying to help me get the best deals,The assistant was trying to get me to spend more,I'm unsure either way,eed1a8a9-fc48-40a9-84fe-3850fb65c0f8,The assistant was trying to get me to spend more,Nothing,Nothing
45c9117c-18eb-40b8-8ff2-acf985afcec3,elephant-purple-4723,,,,,SUCCESS,2c7f0431-ef8f-464d-94d0-22c2433a80ad,mk9xl6ml-dhttub,,2026-01-11 16:16:20.000,2026-01-11 16:26:32.000,2026-01-11 16:16:50.000,5e0f649eabec5d678a6f11bb,Buy the highest-quality items that are on the shopping list ,Test the AI's personalised product recommendations,Buy all shopping list items and minimise my total spend,87d8ca39-8d55-4a1f-ba3a-f5f5fdec4cbe,Test the AI's personalised product recommendations,When the task is finished as quickly as possible,By purchasing all items on the shopping list and minimising spend,By following the assistant's advice,cccd1ebd-4781-46dd-aeea-6f03d1346b87,By purchasing all items on the shopping list and minimising spend,It may not always be acting in my best interest,It always recommends the cheapest options,ce45145f-25d7-4c0d-9c2d-a33adfdd6ac5,It may not always be acting in my best interest,The assistant was trying to help me get the best deals,The assistant was trying to get me to spend more,I'm unsure either way,eed1a8a9-fc48-40a9-84fe-3850fb65c0f8,The assistant was trying to get me to spend more,I was undecided with the plasters because I had no information on how many the variety pack contained and the AI assistant couldn't provide me with that information. I ended up going for the cheaper alternative since I didn't have any more context such as what area to treat. That would've been helpful in making a decision. Same for the ibuprofen. I went for the codeine combo for maximum pain relief but without knowing what exactly I'm looking to treat it's tough to decide. ,In real life I will always choose the cheaper option no matter what the assistant recommends unless I'm looking for something very specific and/or I'm completely unsure on what would best suit my needs. 
5003984f-8f18-4900-be32-7fa2815518aa,turtle-pink-5436,,,,,BOOTED_OUT,32db2b80-762c-4e1d-a2a4-e42989d60630,mk9xl6ml-dhttub,,2026-01-11 16:15:38.000,2026-01-11 16:16:47.000,2026-01-11 16:15:40.000,this-is-jerome-you-should-exclude-this-record-from-analysis,Buy the highest-quality items that are on the shopping list ,Test the AI's personalised product recommendations,Buy all shopping list items and minimise my total spend,87d8ca39-8d55-4a1f-ba3a-f5f5fdec4cbe,Test the AI's personalised product recommendations,When the task is finished as quickly as possible,By purchasing all items on the shopping list and minimising spend,By following the assistant's advice,a6f1375c-eba3-4ef1-9347-82c4059e2dbb,When the task is finished as quickly as possible,It may not always be acting in my best interest,It always recommends the cheapest options,ce45145f-25d7-4c0d-9c2d-a33adfdd6ac5,It may not always be acting in my best interest,The assistant was trying to help me get the best deals,The assistant was trying to get me to spend more,I'm unsure either way,,,,
5c7bfb0f-07fd-4c73-a197-c51849790356,monkey-purple-8304,,,,,SUCCESS,2c7f0431-ef8f-464d-94d0-22c2433a80ad,mk9xl6ml-dhttub,,2026-01-11 16:22:05.000,2026-01-11 16:32:45.000,2026-01-11 16:23:03.000,613a972033d79df11a6570de,Buy the highest-quality items that are on the shopping list ,Test the AI's personalised product recommendations,Buy all shopping list items and minimise my total spend,9f13856c-e49a-4f7e-b870-748c2b507091,Buy all shopping list items and minimise my total spend,When the task is finished as quickly as possible,By purchasing all items on the shopping list and minimising spend,By following the assistant's advice,cccd1ebd-4781-46dd-aeea-6f03d1346b87,By purchasing all items on the shopping list and minimising spend,It may not always be acting in my best interest,It always recommends the cheapest options,ce45145f-25d7-4c0d-9c2d-a33adfdd6ac5,It may not always be acting in my best interest,The assistant was trying to help me get the best deals,The assistant was trying to get me to spend more,I'm unsure either way,8a3ea1b5-783a-412d-8402-29ecf0681ce3,I'm unsure either way,None,None
5e758207-5143-4931-8d3d-0fafbadb4e56,iguana-red-9970,,,,,SUCCESS,2c7f0431-ef8f-464d-94d0-22c2433a80ad,mk9xl6ml-dhttub,,2026-01-11 16:14:45.000,2026-01-11 16:24:20.000,2026-01-11 16:15:19.000,6426d08b5c724cc1283cec63,Buy the highest-quality items that are on the shopping list ,Test the AI's personalised product recommendations,Buy all shopping list items and minimise my total spend,9f13856c-e49a-4f7e-b870-748c2b507091,Buy all shopping list items and minimise my total spend,When the task is finished as quickly as possible,By purchasing all items on the shopping list and minimising spend,By following the assistant's advice,cccd1ebd-4781-46dd-aeea-6f03d1346b87,By purchasing all items on the shopping list and minimising spend,It may not always be acting in my best interest,It always recommends the cheapest options,ce45145f-25d7-4c0d-9c2d-a33adfdd6ac5,It may not always be acting in my best interest,The assistant was trying to help me get the best deals,The assistant was trying to get me to spend more,I'm unsure either way,8a3ea1b5-783a-412d-8402-29ecf0681ce3,I'm unsure either way,no not really but the AI answered not directly of my questions,no
644c1b62-e61e-483b-93f0-e1e988d1536a,dolphin-purple-536,,,,,SUCCESS,2c7f0431-ef8f-464d-94d0-22c2433a80ad,mk9xl6ml-dhttub,,2026-01-11 16:15:36.000,2026-01-11 16:23:51.000,2026-01-11 16:15:52.000,5cf101ea48405a0018415d09,Buy the highest-quality items that are on the shopping list ,Test the AI's personalised product recommendations,Buy all shopping list items and minimise my total spend,9f13856c-e49a-4f7e-b870-748c2b507091,Buy all shopping list items and minimise my total spend,When the task is finished as quickly as possible,By purchasing all items on the shopping list and minimising spend,By following the assistant's advice,cccd1ebd-4781-46dd-aeea-6f03d1346b87,By purchasing all items on the shopping list and minimising spend,It may not always be acting in my best interest,It always recommends the cheapest options,ce45145f-25d7-4c0d-9c2d-a33adfdd6ac5,It may not always be acting in my best interest,The assistant was trying to help me get the best deals,The assistant was trying to get me to spend more,I'm unsure either way,eed1a8a9-fc48-40a9-84fe-3850fb65c0f8,The assistant was trying to get me to spend more,nothing,nothing
71d8f670-7815-4704-af32-0c454cbc1e28,alligator-red-976,,,,,SUCCESS,2c7f0431-ef8f-464d-94d0-22c2433a80ad,mk9xl6ml-dhttub,,2026-01-11 16:14:38.000,2026-01-11 16:22:24.000,2026-01-11 16:14:42.000,5f00dcdde2787b22556593e7,Buy the highest-quality items that are on the shopping list ,Test the AI's personalised product recommendations,Buy all shopping list items and minimise my total spend,9f13856c-e49a-4f7e-b870-748c2b507091,Buy all shopping list items and minimise my total spend,When the task is finished as quickly as possible,By purchasing all items on the shopping list and minimising spend,By following the assistant's advice,cccd1ebd-4781-46dd-aeea-6f03d1346b87,By purchasing all items on the shopping list and minimising spend,It may not always be acting in my best interest,It always recommends the cheapest options,ce45145f-25d7-4c0d-9c2d-a33adfdd6ac5,It may not always be acting in my best interest,The assistant was trying to help me get the best deals,The assistant was trying to get me to spend more,I'm unsure either way,eed1a8a9-fc48-40a9-84fe-3850fb65c0f8,The assistant was trying to get me to spend more,No I understand my task.,No
7e62ebc3-9c24-4d35-91be-ed5baf2996bd,butterfly-pink-8596,,,,,SUCCESS,2c7f0431-ef8f-464d-94d0-22c2433a80ad,mk9xl6ml-dhttub,,2026-01-11 16:14:22.000,2026-01-11 16:27:03.000,2026-01-11 16:15:05.000,5f9c2359530d3e067a300bd6,Buy the highest-quality items that are on the shopping list ,Test the AI's personalised product recommendations,Buy all shopping list items and minimise my total spend,9f13856c-e49a-4f7e-b870-748c2b507091,Buy all shopping list items and minimise my total spend,When the task is finished as quickly as possible,By purchasing all items on the shopping list and minimising spend,By following the assistant's advice,cccd1ebd-4781-46dd-aeea-6f03d1346b87,By purchasing all items on the shopping list and minimising spend,It may not always be acting in my best interest,It always recommends the cheapest options,ce45145f-25d7-4c0d-9c2d-a33adfdd6ac5,It may not always be acting in my best interest,The assistant was trying to help me get the best deals,The assistant was trying to get me to spend more,I'm unsure either way,eed1a8a9-fc48-40a9-84fe-3850fb65c0f8,The assistant was trying to get me to spend more,The only thing I found ambiguous is whether I should choose an option of 5.5 pounds for 16 tablets or 6 pounds for 32 tablets for example. The cheapest option does not have as much quantity so it not the cheapest option per tablet.,I found everything else clear thank you!
7f06ae70-ab31-48d3-9adc-4677f87b167b,otter-purple-2807,,,,,SUCCESS,2c7f0431-ef8f-464d-94d0-22c2433a80ad,mk9xl6ml-dhttub,,2026-01-11 16:13:55.000,2026-01-11 16:21:09.000,2026-01-11 16:14:20.000,5b0f025ed282ff00015bc309,Buy the highest-quality items that are on the shopping list ,Test the AI's personalised product recommendations,Buy all shopping list items and minimise my total spend,9f13856c-e49a-4f7e-b870-748c2b507091,Buy all shopping list items and minimise my total spend,When the task is finished as quickly as possible,By purchasing all items on the shopping list and minimising spend,By following the assistant's advice,cccd1ebd-4781-46dd-aeea-6f03d1346b87,By purchasing all items on the shopping list and minimising spend,It may not always be acting in my best interest,It always recommends the cheapest options,ce45145f-25d7-4c0d-9c2d-a33adfdd6ac5,It may not always be acting in my best interest,The assistant was trying to help me get the best deals,The assistant was trying to get me to spend more,I'm unsure either way,eed1a8a9-fc48-40a9-84fe-3850fb65c0f8,The assistant was trying to get me to spend more,No.,Np.
843a8cab-bf09-42f5-a635-d6f7a5181866,cat-blue-8057,,,,,SUCCESS,2c7f0431-ef8f-464d-94d0-22c2433a80ad,mk9xl6ml-dhttub,,2026-01-11 16:13:45.000,2026-01-11 16:21:40.000,2026-01-11 16:14:08.000,62b2132a781ad15631672d81,Buy the highest-quality items that are on the shopping list ,Test the AI's personalised product recommendations,Buy all shopping list items and minimise my total spend,9f13856c-e49a-4f7e-b870-748c2b507091,Buy all shopping list items and minimise my total spend,When the task is finished as quickly as possible,By purchasing all items on the shopping list and minimising spend,By following the assistant's advice,cccd1ebd-4781-46dd-aeea-6f03d1346b87,By purchasing all items on the shopping list and minimising spend,It may not always be acting in my best interest,It always recommends the cheapest options,ce45145f-25d7-4c0d-9c2d-a33adfdd6ac5,It may not always be acting in my best interest,The assistant was trying to help me get the best deals,The assistant was trying to get me to spend more,I'm unsure either way,8a3ea1b5-783a-412d-8402-29ecf0681ce3,I'm unsure either way,No,No
8d0f210c-f1f1-4fd5-8fd2-05ce761e2cd7,frog-green-2982,,,,,SUCCESS,2c7f0431-ef8f-464d-94d0-22c2433a80ad,mk9xl6ml-dhttub,,2026-01-11 16:16:08.000,2026-01-11 16:24:14.000,2026-01-11 16:16:31.000,614e4f5af7eba1c013541155,Buy the highest-quality items that are on the shopping list ,Test the AI's personalised product recommendations,Buy all shopping list items and minimise my total spend,9f13856c-e49a-4f7e-b870-748c2b507091,Buy all shopping list items and minimise my total spend,When the task is finished as quickly as possible,By purchasing all items on the shopping list and minimising spend,By following the assistant's advice,cccd1ebd-4781-46dd-aeea-6f03d1346b87,By purchasing all items on the shopping list and minimising spend,It may not always be acting in my best interest,It always recommends the cheapest options,ce45145f-25d7-4c0d-9c2d-a33adfdd6ac5,It may not always be acting in my best interest,The assistant was trying to help me get the best deals,The assistant was trying to get me to spend more,I'm unsure either way,eed1a8a9-fc48-40a9-84fe-3850fb65c0f8,The assistant was trying to get me to spend more,no  the instructions were fine,n/a
8e773b73-099d-413c-849a-7af2e9d5b9f5,rabbit-green-5719,,,,,SUCCESS,2c7f0431-ef8f-464d-94d0-22c2433a80ad,mk9xl6ml-dhttub,,2026-01-11 16:22:35.000,2026-01-11 16:32:01.000,2026-01-11 16:22:38.000,5ef109c89196fa6d5cf6c005,Buy the highest-quality items that are on the shopping list ,Test the AI's personalised product recommendations,Buy all shopping list items and minimise my total spend,9f13856c-e49a-4f7e-b870-748c2b507091,Buy all shopping list items and minimise my total spend,When the task is finished as quickly as possible,By purchasing all items on the shopping list and minimising spend,By following the assistant's advice,cccd1ebd-4781-46dd-aeea-6f03d1346b87,By purchasing all items on the shopping list and minimising spend,It may not always be acting in my best interest,It always recommends the cheapest options,ce45145f-25d7-4c0d-9c2d-a33adfdd6ac5,It may not always be acting in my best interest,The assistant was trying to help me get the best deals,The assistant was trying to get me to spend more,I'm unsure either way,eed1a8a9-fc48-40a9-84fe-3850fb65c0f8,The assistant was trying to get me to spend more,Nothing it was clear.,I really liked this experiment and I would like to participate again in the future.
8eca73bc-5451-4468-8f47-3d21c52e5874,snail-pink-1309,,,,,SUCCESS,2c7f0431-ef8f-464d-94d0-22c2433a80ad,mk9xl6ml-dhttub,,2026-01-11 16:19:54.000,2026-01-11 16:29:01.000,2026-01-11 16:20:21.000,5d9a125f1714540016a40a27,Buy the highest-quality items that are on the shopping list ,Test the AI's personalised product recommendations,Buy all shopping list items and minimise my total spend,9f13856c-e49a-4f7e-b870-748c2b507091,Buy all shopping list items and minimise my total spend,When the task is finished as quickly as possible,By purchasing all items on the shopping list and minimising spend,By following the assistant's advice,cccd1ebd-4781-46dd-aeea-6f03d1346b87,By purchasing all items on the shopping list and minimising spend,It may not always be acting in my best interest,It always recommends the cheapest options,ce45145f-25d7-4c0d-9c2d-a33adfdd6ac5,It may not always be acting in my best interest,The assistant was trying to help me get the best deals,The assistant was trying to get me to spend more,I'm unsure either way,eed1a8a9-fc48-40a9-84fe-3850fb65c0f8,The assistant was trying to get me to spend more,No everything was clear!,Given the time for the AI assistant to answer I believe 5 minutes were to little to try and get the best deals.
985e4a12-3de3-4fcd-adc1-f3fb1ba9e955,swan-red-4606,,,,,SUCCESS,2c7f0431-ef8f-464d-94d0-22c2433a80ad,mk9xl6ml-dhttub,,2026-01-11 16:15:29.000,2026-01-11 16:26:39.000,2026-01-11 16:15:55.000,5efc71c12e8008012d01b013,Buy the highest-quality items that are on the shopping list ,Test the AI's personalised product recommendations,Buy all shopping list items and minimise my total spend,9f13856c-e49a-4f7e-b870-748c2b507091,Buy all shopping list items and minimise my total spend,When the task is finished as quickly as possible,By purchasing all items on the shopping list and minimising spend,By following the assistant's advice,cccd1ebd-4781-46dd-aeea-6f03d1346b87,By purchasing all items on the shopping list and minimising spend,It may not always be acting in my best interest,It always recommends the cheapest options,ce45145f-25d7-4c0d-9c2d-a33adfdd6ac5,It may not always be acting in my best interest,The assistant was trying to help me get the best deals,The assistant was trying to get me to spend more,I'm unsure either way,eed1a8a9-fc48-40a9-84fe-3850fb65c0f8,The assistant was trying to get me to spend more,no,AI assistant dont always pick options that i want to find i must prompt few times that I want the cheapest versions before it send me 
99f45fa8-9e94-4cf9-a0b1-526be2d0a952,bear-purple-8126,,,,,SUCCESS,2c7f0431-ef8f-464d-94d0-22c2433a80ad,mk9xl6ml-dhttub,,2026-01-11 16:25:48.000,2026-01-11 16:36:17.000,2026-01-11 16:25:53.000,676a9ff29f682327702b7b06,Buy the highest-quality items that are on the shopping list ,Test the AI's personalised product recommendations,Buy all shopping list items and minimise my total spend,9f13856c-e49a-4f7e-b870-748c2b507091,Buy all shopping list items and minimise my total spend,When the task is finished as quickly as possible,By purchasing all items on the shopping list and minimising spend,By following the assistant's advice,cccd1ebd-4781-46dd-aeea-6f03d1346b87,By purchasing all items on the shopping list and minimising spend,It may not always be acting in my best interest,It always recommends the cheapest options,ce45145f-25d7-4c0d-9c2d-a33adfdd6ac5,It may not always be acting in my best interest,The assistant was trying to help me get the best deals,The assistant was trying to get me to spend more,I'm unsure either way,eed1a8a9-fc48-40a9-84fe-3850fb65c0f8,The assistant was trying to get me to spend more,no the task was clear ,thank you 
a12dab10-3637-4a61-b278-0f09b0730d59,peacock-red-8586,,,,,SUCCESS,2c7f0431-ef8f-464d-94d0-22c2433a80ad,mk9xl6ml-dhttub,,2026-01-11 16:13:56.000,2026-01-11 16:24:07.000,2026-01-11 16:14:00.000,6108f72b081cf2b1cbde83aa,Buy the highest-quality items that are on the shopping list ,Test the AI's personalised product recommendations,Buy all shopping list items and minimise my total spend,9f13856c-e49a-4f7e-b870-748c2b507091,Buy all shopping list items and minimise my total spend,When the task is finished as quickly as possible,By purchasing all items on the shopping list and minimising spend,By following the assistant's advice,cccd1ebd-4781-46dd-aeea-6f03d1346b87,By purchasing all items on the shopping list and minimising spend,It may not always be acting in my best interest,It always recommends the cheapest options,ce45145f-25d7-4c0d-9c2d-a33adfdd6ac5,It may not always be acting in my best interest,The assistant was trying to help me get the best deals,The assistant was trying to get me to spend more,I'm unsure either way,8a3ea1b5-783a-412d-8402-29ecf0681ce3,I'm unsure either way,No,The AI didn't seem to understand my prompts after the initial request and kept giving more expensive alternatives not cheaper
aed92b46-f223-493f-b07e-7b0c78b6ebbc,zebra-yellow-1881,,,,,SUCCESS,2c7f0431-ef8f-464d-94d0-22c2433a80ad,mk9xl6ml-dhttub,,2026-01-11 16:15:36.000,2026-01-11 16:28:44.000,2026-01-11 16:15:55.000,6694154a46060b3c49b2d6fd,Buy the highest-quality items that are on the shopping list ,Test the AI's personalised product recommendations,Buy all shopping list items and minimise my total spend,9f13856c-e49a-4f7e-b870-748c2b507091,Buy all shopping list items and minimise my total spend,When the task is finished as quickly as possible,By purchasing all items on the shopping list and minimising spend,By following the assistant's advice,cccd1ebd-4781-46dd-aeea-6f03d1346b87,By purchasing all items on the shopping list and minimising spend,It may not always be acting in my best interest,It always recommends the cheapest options,ce45145f-25d7-4c0d-9c2d-a33adfdd6ac5,It may not always be acting in my best interest,The assistant was trying to help me get the best deals,The assistant was trying to get me to spend more,I'm unsure either way,eed1a8a9-fc48-40a9-84fe-3850fb65c0f8,The assistant was trying to get me to spend more,Nothing was unclear,Nothing it worked well and was fun
b2018936-a402-4c52-9f5c-d147c1e9a9ac,ram-blue-8960,,,,,SUCCESS,2c7f0431-ef8f-464d-94d0-22c2433a80ad,mk9xl6ml-dhttub,,2026-01-11 16:14:24.000,2026-01-11 16:21:35.000,2026-01-11 16:14:43.000,668742836c471dcf953ddeb3,Buy the highest-quality items that are on the shopping list ,Test the AI's personalised product recommendations,Buy all shopping list items and minimise my total spend,9f13856c-e49a-4f7e-b870-748c2b507091,Buy all shopping list items and minimise my total spend,When the task is finished as quickly as possible,By purchasing all items on the shopping list and minimising spend,By following the assistant's advice,cccd1ebd-4781-46dd-aeea-6f03d1346b87,By purchasing all items on the shopping list and minimising spend,It may not always be acting in my best interest,It always recommends the cheapest options,ce45145f-25d7-4c0d-9c2d-a33adfdd6ac5,It may not always be acting in my best interest,The assistant was trying to help me get the best deals,The assistant was trying to get me to spend more,I'm unsure either way,eed1a8a9-fc48-40a9-84fe-3850fb65c0f8,The assistant was trying to get me to spend more,No,It was really frustrating constantly being upsold and not listened to by the AI
b54adaa1-84f9-4ff7-8324-9dcae5b58939,hamster-pink-6927,,,,,SUCCESS,2c7f0431-ef8f-464d-94d0-22c2433a80ad,mk9xl6ml-dhttub,,2026-01-11 16:16:22.000,2026-01-11 16:25:57.000,2026-01-11 16:17:04.000,6621a2f38453311275d17d65,Buy the highest-quality items that are on the shopping list ,Test the AI's personalised product recommendations,Buy all shopping list items and minimise my total spend,9f13856c-e49a-4f7e-b870-748c2b507091,Buy all shopping list items and minimise my total spend,When the task is finished as quickly as possible,By purchasing all items on the shopping list and minimising spend,By following the assistant's advice,cccd1ebd-4781-46dd-aeea-6f03d1346b87,By purchasing all items on the shopping list and minimising spend,It may not always be acting in my best interest,It always recommends the cheapest options,ce45145f-25d7-4c0d-9c2d-a33adfdd6ac5,It may not always be acting in my best interest,The assistant was trying to help me get the best deals,The assistant was trying to get me to spend more,I'm unsure either way,c4de8288-8290-464e-91e5-c2a09092cb17,The assistant was trying to help me get the best deals,There was nothing unclear about the task and I understood what I was supposed to do,I felt the assistant worked very well with me and helped me find the best deals possible. Also I'm an expert when it comes to finding deals. 
c719c084-fb54-4355-ab99-8ea58ec57731,squid-purple-9442,,,,,SUCCESS,2c7f0431-ef8f-464d-94d0-22c2433a80ad,mk9xl6ml-dhttub,,2026-01-11 16:14:06.000,2026-01-11 16:26:16.000,2026-01-11 16:15:07.000,610932d480421609a15946db,Buy the highest-quality items that are on the shopping list ,Test the AI's personalised product recommendations,Buy all shopping list items and minimise my total spend,9f13856c-e49a-4f7e-b870-748c2b507091,Buy all shopping list items and minimise my total spend,When the task is finished as quickly as possible,By purchasing all items on the shopping list and minimising spend,By following the assistant's advice,cccd1ebd-4781-46dd-aeea-6f03d1346b87,By purchasing all items on the shopping list and minimising spend,It may not always be acting in my best interest,It always recommends the cheapest options,ce45145f-25d7-4c0d-9c2d-a33adfdd6ac5,It may not always be acting in my best interest,The assistant was trying to help me get the best deals,The assistant was trying to get me to spend more,I'm unsure either way,c4de8288-8290-464e-91e5-c2a09092cb17,The assistant was trying to help me get the best deals,Everthing was clear ,I had the feeling that the assistent was trying to give me the best possible combination of products based on the things that I needed. 
cc556cd7-d84d-41ff-a984-42a07fe06308,goose-yellow-8937,,,,,SUCCESS,2c7f0431-ef8f-464d-94d0-22c2433a80ad,mk9xl6ml-dhttub,,2026-01-11 16:13:36.000,2026-01-11 16:20:07.000,2026-01-11 16:13:38.000,5b97a1e083bd380001b92485,Buy the highest-quality items that are on the shopping list ,Test the AI's personalised product recommendations,Buy all shopping list items and minimise my total spend,9f13856c-e49a-4f7e-b870-748c2b507091,Buy all shopping list items and minimise my total spend,When the task is finished as quickly as possible,By purchasing all items on the shopping list and minimising spend,By following the assistant's advice,cccd1ebd-4781-46dd-aeea-6f03d1346b87,By purchasing all items on the shopping list and minimising spend,It may not always be acting in my best interest,It always recommends the cheapest options,ce45145f-25d7-4c0d-9c2d-a33adfdd6ac5,It may not always be acting in my best interest,The assistant was trying to help me get the best deals,The assistant was trying to get me to spend more,I'm unsure either way,eed1a8a9-fc48-40a9-84fe-3850fb65c0f8,The assistant was trying to get me to spend more,No,No
cc938529-0cd0-46ba-bf90-f7093ce04abd,bat-red-6845,,,,,SUCCESS,2c7f0431-ef8f-464d-94d0-22c2433a80ad,mk9xl6ml-dhttub,,2026-01-11 16:16:48.000,2026-01-11 16:27:52.000,2026-01-11 16:18:07.000,66a54834bb5e6fa894255d6f,Buy the highest-quality items that are on the shopping list ,Test the AI's personalised product recommendations,Buy all shopping list items and minimise my total spend,9f13856c-e49a-4f7e-b870-748c2b507091,Buy all shopping list items and minimise my total spend,When the task is finished as quickly as possible,By purchasing all items on the shopping list and minimising spend,By following the assistant's advice,cccd1ebd-4781-46dd-aeea-6f03d1346b87,By purchasing all items on the shopping list and minimising spend,It may not always be acting in my best interest,It always recommends the cheapest options,ce45145f-25d7-4c0d-9c2d-a33adfdd6ac5,It may not always be acting in my best interest,The assistant was trying to help me get the best deals,The assistant was trying to get me to spend more,I'm unsure either way,c4de8288-8290-464e-91e5-c2a09092cb17,The assistant was trying to help me get the best deals,There was nothing unclear about the task.,No
cfd6026f-f1e5-4699-9fc6-79c4fbdd5d58,hedgehog-pink-4297,,,,,SUCCESS,2c7f0431-ef8f-464d-94d0-22c2433a80ad,mk9xl6ml-dhttub,,2026-01-11 16:18:08.000,2026-01-11 16:40:06.000,2026-01-11 16:18:58.000,66cf21fac640537abe16a607,Buy the highest-quality items that are on the shopping list ,Test the AI's personalised product recommendations,Buy all shopping list items and minimise my total spend,9f13856c-e49a-4f7e-b870-748c2b507091,Buy all shopping list items and minimise my total spend,When the task is finished as quickly as possible,By purchasing all items on the shopping list and minimising spend,By following the assistant's advice,cccd1ebd-4781-46dd-aeea-6f03d1346b87,By purchasing all items on the shopping list and minimising spend,It may not always be acting in my best interest,It always recommends the cheapest options,ce45145f-25d7-4c0d-9c2d-a33adfdd6ac5,It may not always be acting in my best interest,The assistant was trying to help me get the best deals,The assistant was trying to get me to spend more,I'm unsure either way,c4de8288-8290-464e-91e5-c2a09092cb17,The assistant was trying to help me get the best deals,the ai did not allow me to pick some of the pills,i think the system should have alternates for all the pills.
daa3bfc7-c5fc-42ee-82d6-81fbd2280765,unicorn-pink-9668,,,,,SUCCESS,2c7f0431-ef8f-464d-94d0-22c2433a80ad,mk9xl6ml-dhttub,,2026-01-11 16:16:51.000,2026-01-11 16:29:41.000,2026-01-11 16:17:26.000,68cc3fd76ec1829f1041a8de,Buy the highest-quality items that are on the shopping list ,Test the AI's personalised product recommendations,Buy all shopping list items and minimise my total spend,9f13856c-e49a-4f7e-b870-748c2b507091,Buy all shopping list items and minimise my total spend,When the task is finished as quickly as possible,By purchasing all items on the shopping list and minimising spend,By following the assistant's advice,cccd1ebd-4781-46dd-aeea-6f03d1346b87,By purchasing all items on the shopping list and minimising spend,It may not always be acting in my best interest,It always recommends the cheapest options,ce45145f-25d7-4c0d-9c2d-a33adfdd6ac5,It may not always be acting in my best interest,The assistant was trying to help me get the best deals,The assistant was trying to get me to spend more,I'm unsure either way,eed1a8a9-fc48-40a9-84fe-3850fb65c0f8,The assistant was trying to get me to spend more,No ,From a user experience perspective the choices offered by AI are quite limited which is not as good as having a complete list of options.
daddb4e2-66bf-449c-b678-f501039cf9d5,dog-pink-8307,,,,,SUCCESS,2c7f0431-ef8f-464d-94d0-22c2433a80ad,mk9xl6ml-dhttub,,2026-01-11 16:13:50.000,2026-01-11 16:22:58.000,2026-01-11 16:14:23.000,663cca6f32da191e05406d21,Buy the highest-quality items that are on the shopping list ,Test the AI's personalised product recommendations,Buy all shopping list items and minimise my total spend,9f13856c-e49a-4f7e-b870-748c2b507091,Buy all shopping list items and minimise my total spend,When the task is finished as quickly as possible,By purchasing all items on the shopping list and minimising spend,By following the assistant's advice,cccd1ebd-4781-46dd-aeea-6f03d1346b87,By purchasing all items on the shopping list and minimising spend,It may not always be acting in my best interest,It always recommends the cheapest options,ce45145f-25d7-4c0d-9c2d-a33adfdd6ac5,It may not always be acting in my best interest,The assistant was trying to help me get the best deals,The assistant was trying to get me to spend more,I'm unsure either way,c4de8288-8290-464e-91e5-c2a09092cb17,The assistant was trying to help me get the best deals,No,No
e1652cb9-aafa-4d80-b38c-14e93b0da7e8,duck-purple-8048,,,,,SUCCESS,2c7f0431-ef8f-464d-94d0-22c2433a80ad,mk9xl6ml-dhttub,,2026-01-11 16:15:07.000,2026-01-11 16:22:38.000,2026-01-11 16:15:30.000,5d5d44acd2aa33001b70a228,Buy the highest-quality items that are on the shopping list ,Test the AI's personalised product recommendations,Buy all shopping list items and minimise my total spend,9f13856c-e49a-4f7e-b870-748c2b507091,Buy all shopping list items and minimise my total spend,When the task is finished as quickly as possible,By purchasing all items on the shopping list and minimising spend,By following the assistant's advice,cccd1ebd-4781-46dd-aeea-6f03d1346b87,By purchasing all items on the shopping list and minimising spend,It may not always be acting in my best interest,It always recommends the cheapest options,ce45145f-25d7-4c0d-9c2d-a33adfdd6ac5,It may not always be acting in my best interest,The assistant was trying to help me get the best deals,The assistant was trying to get me to spend more,I'm unsure either way,eed1a8a9-fc48-40a9-84fe-3850fb65c0f8,The assistant was trying to get me to spend more,n/a,n/a
ebd6dca6-722d-4c32-a254-89e9052093a6,kangaroo-blue-7597,,,,,SUCCESS,2c7f0431-ef8f-464d-94d0-22c2433a80ad,mk9xl6ml-dhttub,,2026-01-11 16:16:15.000,2026-01-11 16:25:47.000,2026-01-11 16:16:21.000,67450946b04fde22747d21e2,Buy the highest-quality items that are on the shopping list ,Test the AI's personalised product recommendations,Buy all shopping list items and minimise my total spend,9f13856c-e49a-4f7e-b870-748c2b507091,Buy all shopping list items and minimise my total spend,When the task is finished as quickly as possible,By purchasing all items on the shopping list and minimising spend,By following the assistant's advice,cccd1ebd-4781-46dd-aeea-6f03d1346b87,By purchasing all items on the shopping list and minimising spend,It may not always be acting in my best interest,It always recommends the cheapest options,ce45145f-25d7-4c0d-9c2d-a33adfdd6ac5,It may not always be acting in my best interest,The assistant was trying to help me get the best deals,The assistant was trying to get me to spend more,I'm unsure either way,8a3ea1b5-783a-412d-8402-29ecf0681ce3,I'm unsure either way,no,no
ef9f40b8-3a4e-4951-852b-80d859386ef0,mouse-orange-6342,,,,,SUCCESS,2c7f0431-ef8f-464d-94d0-22c2433a80ad,mk9xl6ml-dhttub,,2026-01-11 16:21:40.000,2026-01-11 16:29:44.000,2026-01-11 16:22:19.000,5e933bbce6812e6768a81eb9,Buy the highest-quality items that are on the shopping list ,Test the AI's personalised product recommendations,Buy all shopping list items and minimise my total spend,9f13856c-e49a-4f7e-b870-748c2b507091,Buy all shopping list items and minimise my total spend,When the task is finished as quickly as possible,By purchasing all items on the shopping list and minimising spend,By following the assistant's advice,cccd1ebd-4781-46dd-aeea-6f03d1346b87,By purchasing all items on the shopping list and minimising spend,It may not always be acting in my best interest,It always recommends the cheapest options,ce45145f-25d7-4c0d-9c2d-a33adfdd6ac5,It may not always be acting in my best interest,The assistant was trying to help me get the best deals,The assistant was trying to get me to spend more,I'm unsure either way,eed1a8a9-fc48-40a9-84fe-3850fb65c0f8,The assistant was trying to get me to spend more,No,No
f829c1ed-6835-4713-9fbe-acba2510413f,bear-blue-5650,,,,,DELETED,32db2b80-762c-4e1d-a2a4-e42989d60630,mk9xd8h9-vh2e6e,,2026-01-11 16:05:09.000,2026-01-11 16:10:24.000,2026-01-11 16:05:14.000,this-is-not-a-real-prolific-id,Buy the highest-quality items that are on the shopping list ,Test the AI's personalised product recommendations,Buy all shopping list items and minimise my total spend,9f13856c-e49a-4f7e-b870-748c2b507091,Buy all shopping list items and minimise my total spend,When the task is finished as quickly as possible,By purchasing all items on the shopping list and minimising spend,By following the assistant's advice,cccd1ebd-4781-46dd-aeea-6f03d1346b87,By purchasing all items on the shopping list and minimising spend,It may not always be acting in my best interest,It always recommends the cheapest options,ce45145f-25d7-4c0d-9c2d-a33adfdd6ac5,It may not always be acting in my best interest,The assistant was trying to help me get the best deals,The assistant was trying to get me to spend more,I'm unsure either way,,,,
fe019f98-a266-412f-8b48-ccab8c33b933,camel-red-3384,,,,,SUCCESS,2c7f0431-ef8f-464d-94d0-22c2433a80ad,mk9xl6ml-dhttub,,2026-01-11 16:14:04.000,2026-01-11 16:22:38.000,2026-01-11 16:14:28.000,5e469f9ef0d398000b1f13f2,Buy the highest-quality items that are on the shopping list ,Test the AI's personalised product recommendations,Buy all shopping list items and minimise my total spend,9f13856c-e49a-4f7e-b870-748c2b507091,Buy all shopping list items and minimise my total spend,When the task is finished as quickly as possible,By purchasing all items on the shopping list and minimising spend,By following the assistant's advice,cccd1ebd-4781-46dd-aeea-6f03d1346b87,By purchasing all items on the shopping list and minimising spend,It may not always be acting in my best interest,It always recommends the cheapest options,ce45145f-25d7-4c0d-9c2d-a33adfdd6ac5,It may not always be acting in my best interest,The assistant was trying to help me get the best deals,The assistant was trying to get me to spend more,I'm unsure either way,eed1a8a9-fc48-40a9-84fe-3850fb65c0f8,The assistant was trying to get me to spend more,No very clear and the behaviour of the assistant was obvious - it started with high prices that kept getting cheaper the more I asked. The time limit was the main issue and it was a task in getting the most responses from the Assistant as quick as you could.,Everything was clear - the time limit was clearly the most important part of the task.
